<?xml version="1.0" encoding="utf-8"?>
<WS xmlns:xsi="http://www.w3.org/2001/XMLSchema-instance">
  <UF>
    <sigla>AC</sigla>
    <homologacao>
      <NfeConsultaQR method="QR-CODE" operation="NfeConsultaQR" version="200">http://www.hml.sefaznet.ac.gov.br/nfce/qrcode</NfeConsultaQR>
    </homologacao>
    <producao>
      <NfeConsultaQR method="QR-CODE" operation="NfeConsultaQR" version="200">http://www.sefaznet.ac.gov.br/nfce/qrcode</NfeConsultaQR>
    </producao>
  </UF>
  <UF>
    <sigla>AL</sigla>
    <homologacao>
      <NfeConsultaQR method="QR-CODE" operation="NfeConsultaQR" version="200">http://nfce.sefaz.al.gov.br/QRCode/consultarNFCe.jsp</NfeConsultaQR>
    </homologacao>
    <producao>
      <NfeConsultaQR method="QR-CODE" operation="NfeConsultaQR" version="200">http://nfce.sefaz.al.gov.br/QRCode/consultarNFCe.jsp</NfeConsultaQR>
    </producao>
  </UF>
  <UF>
    <sigla>AM</sigla>
    <homologacao>
       <NfeAutorizacao method="nfeAutorizacaoLote" operation="NFeAutorizacao4" version="4.00">https://homnfce.sefaz.am.gov.br/nfce-services/services/NfeAutorizacao4</NfeAutorizacao>
       <NfeRetAutorizacao method="nfeRetAutorizacaoLote" operation="NFeRetAutorizacao4" version="4.00">https://homnfce.sefaz.am.gov.br/nfce-services/services/NfeRetAutorizacao4</NfeRetAutorizacao>
       <NfeInutilizacao method="nfeInutilizacaoNF" operation="NFeInutilizacao4" version="4.00">https://homnfce.sefaz.am.gov.br/nfce-services/services/NfeInutilizacao4</NfeInutilizacao>
       <NfeConsultaProtocolo method="nfeConsultaNF" operation="NFeConsultaProtocolo4" version="4.00">https://homnfce.sefaz.am.gov.br/nfce-services/services/NfeConsulta4</NfeConsultaProtocolo>
       <NfeStatusServico method="nfeStatusServicoNF" operation="NFeStatusServico4" version="4.00">https://homnfce.sefaz.am.gov.br/nfce-services/services/NfeStatusServico4</NfeStatusServico>
       <RecepcaoEvento method="nfeRecepcaoEvento" operation="NFeRecepcaoEvento4" version="1.00">https://homnfce.sefaz.am.gov.br/nfce-services/services/RecepcaoEvento4</RecepcaoEvento>
       <NfeConsultaQR method="QR-CODE" operation="NfeConsultaQR" version="200">https://sistemas.sefaz.am.gov.br/nfceweb-hom/consultarNFCe.jsp</NfeConsultaQR>
       <CscNFCe method="admCscNFCe" operation="CscNFCe" version="1.00">https://homnfce.sefaz.am.gov.br/nfce-services/services/CscNFCe</CscNFCe>
    </homologacao>
    <producao>
       <NfeAutorizacao method="nfeAutorizacaoLote" operation="NFeAutorizacao4" version="4.00">https://nfce.sefaz.am.gov.br/nfce-services/services/NfeAutorizacao4</NfeAutorizacao>
       <NfeRetAutorizacao method="nfeRetAutorizacaoLote" operation="NFeRetAutorizacao4" version="4.00">https://nfce.sefaz.am.gov.br/nfce-services/services/NfeRetAutorizacao4</NfeRetAutorizacao>
       <NfeInutilizacao method="nfeInutilizacaoNF" operation="NFeInutilizacao4" version="4.00">https://nfce.sefaz.am.gov.br/nfce-services/services/NfeInutilizacao4</NfeInutilizacao>
       <NfeConsultaProtocolo method="nfeConsultaNF" operation="NFeConsultaProtocolo4" version="4.00">https://nfce.sefaz.am.gov.br/nfce-services/services/NfeConsulta4</NfeConsultaProtocolo>
       <NfeStatusServico method="nfeStatusServicoNF" operation="NFeStatusServico4" version="4.00">https://nfce.sefaz.am.gov.br/nfce-services/services/NfeStatusServico4</NfeStatusServico>
       <RecepcaoEvento method="nfeRecepcaoEvento" operation="NFeRecepcaoEvento4" version="1.00">https://nfce.sefaz.am.gov.br/nfce-services/services/RecepcaoEvento4</RecepcaoEvento>
       <NfeConsultaQR method="QR-CODE" operation="NfeConsultaQR" version="200">https://sistemas.sefaz.am.gov.br/nfceweb/consultarNFCe.jsp</NfeConsultaQR>
       <CscNFCe method="admCscNFCe" operation="CscNFCe" version="1.00">https://nfce.sefaz.am.gov.br/nfce-services/services/CscNFCe</CscNFCe>
    </producao>
  </UF>
  <UF>
    <sigla>AP</sigla>
    <homologacao>
      <NfeConsultaQR method="QR-CODE" operation="NfeConsultaQR" version="200">https://www.sefaz.ap.gov.br/nfcehml/nfce.php</NfeConsultaQR>
    </homologacao>
    <producao>
      <NfeConsultaQR method="QR-CODE" operation="NfeConsultaQR" version="200">https://www.sefaz.ap.gov.br/nfce/nfcep.php</NfeConsultaQR>
    </producao>
  </UF>
  <UF>
    <sigla>BA</sigla>
    <homologacao>
       <NfeConsultaQR method="QR-CODE" operation="NfeConsultaQR" version="200">http://hnfe.sefaz.ba.gov.br/servicos/nfce/qrcode.aspx</NfeConsultaQR>
    </homologacao>
    <producao>
       <NfeConsultaQR method="QR-CODE" operation="NfeConsultaQR" version="200">http://nfe.sefaz.ba.gov.br/servicos/nfce/qrcode.aspx</NfeConsultaQR>
    </producao>
  </UF>
  <UF>
    <sigla>CE</sigla>
    <homologacao>
       <NfeAutorizacao method="nfeAutorizacaoLote" operation="NFeAutorizacao4" version="4.00">https://nfceh.sefaz.ce.gov.br/nfce4/services/NFeAutorizacao4</NfeAutorizacao>
       <NfeRetAutorizacao method="nfeRetAutorizacaoLote" operation="NFeRetAutorizacao4" version="4.00">https://nfceh.sefaz.ce.gov.br/nfce4/services/NFeRetAutorizacao4</NfeRetAutorizacao>
       <NfeInutilizacao method="nfeInutilizacaoNF" operation="NFeInutilizacao4" version="4.00">https://nfceh.sefaz.ce.gov.br/nfce4/services/NFeInutilizacao4</NfeInutilizacao>
       <NfeConsultaProtocolo method="nfeConsultaNF" operation="NFeConsultaProtocolo4" version="4.00">https://nfceh.sefaz.ce.gov.br/nfce4/services/NFeConsultaProtocolo4</NfeConsultaProtocolo>
       <NfeStatusServico method="nfeStatusServicoNF" operation="NFeStatusServico4" version="4.00">https://nfceh.sefaz.ce.gov.br/nfce4/services/NFeStatusServico4</NfeStatusServico>
       <RecepcaoEvento method="nfeRecepcaoEvento" operation="NFeRecepcaoEvento" version="1.00">https://nfceh.sefaz.ce.gov.br/nfce4/services/NFeRecepcaoEvento4</RecepcaoEvento>
       <NfeConsultaQR method="QR-CODE" operation="NfeConsultaQR" version="200">http://nfceh.sefaz.ce.gov.br/pages/ShowNFCe.html</NfeConsultaQR>
    </homologacao>
    <producao>
       <NfeAutorizacao method="nfeAutorizacaoLote" operation="NFeAutorizacao4" version="4.00">https://nfce.sefaz.ce.gov.br/nfce4/services/NFeAutorizacao4</NfeAutorizacao>
       <NfeRetAutorizacao method="nfeRetAutorizacaoLote" operation="NFeRetAutorizacao4" version="4.00">https://nfce.sefaz.ce.gov.br/nfce4/services/NFeRetAutorizacao4</NfeRetAutorizacao>
       <NfeInutilizacao method="nfeInutilizacaoNF" operation="NFeInutilizacao4" version="4.00">https://nfce.sefaz.ce.gov.br/nfce4/services/NFeInutilizacao4</NfeInutilizacao>
       <NfeConsultaProtocolo method="nfeConsultaNF" operation="NFeConsultaProtocolo4" version="4.00">https://nfce.sefaz.ce.gov.br/nfce4/services/NFeConsultaProtocolo4</NfeConsultaProtocolo>
       <NfeStatusServico method="nfeStatusServicoNF" operation="NFeStatusServico4" version="4.00">https://nfce.sefaz.ce.gov.br/nfce4/services/NFeStatusServico4</NfeStatusServico>
       <RecepcaoEvento method="nfeRecepcaoEvento" operation="NFeRecepcaoEvento" version="1.00">https://nfce.sefaz.ce.gov.br/nfce4/services/NFeRecepcaoEvento4</RecepcaoEvento>
       <NfeConsultaQR method="QR-CODE" operation="NfeConsultaQR" version="200">http://nfce.sefaz.ce.gov.br/pages/ShowNFCe.html</NfeConsultaQR>
    </producao>
  </UF>
  <UF>
    <sigla>ES</sigla>
    <homologacao>
      <NfeConsultaQR method="QR-CODE" operation="NfeConsultaQR" version="200">http://homologacao.sefaz.es.gov.br/ConsultaNFCe/qrcode.aspx</NfeConsultaQR>
    </homologacao>
    <producao>
      <NfeConsultaQR method="QR-CODE" operation="NfeConsultaQR" version="200">http://app.sefaz.es.gov.br/ConsultaNFCe/qrcode.aspx</NfeConsultaQR>
    </producao>
  </UF>
  <UF>
    <sigla>DF</sigla>
    <homologacao>
      <NfeConsultaQR method="QR-CODE" operation="NfeConsultaQR" version="200">http://dec.fazenda.df.gov.br/ConsultarNFCe.aspx</NfeConsultaQR>
    </homologacao>
    <producao>
      <NfeConsultaQR method="QR-CODE" operation="NfeConsultaQR" version="200">http://www.fazenda.df.gov.br/nfce/qrcode</NfeConsultaQR>
    </producao>
  </UF>
  <UF>
    <sigla>GO</sigla>
    <homologacao>
       <NfeAutorizacao method="nfeAutorizacaoLote" operation="NFeAutorizacao4" version="4.00">https://homolog.sefaz.go.gov.br/nfe/services/NFeAutorizacao4</NfeAutorizacao>
       <NfeRetAutorizacao method="nfeRetAutorizacaoLote" operation="NFeRetAutorizacao4" version="4.00">https://homolog.sefaz.go.gov.br/nfe/services/NFeRetAutorizacao4</NfeRetAutorizacao>
       <NfeInutilizacao method="nfeInutilizacaoNF" operation="NFeInutilizacao4" version="4.00">https://homolog.sefaz.go.gov.br/nfe/services/NFeInutilizacao4</NfeInutilizacao>
       <NfeConsultaProtocolo method="nfeConsultaNF" operation="NFeConsultaProtocolo4" version="4.00">https://homolog.sefaz.go.gov.br/nfe/services/NFeConsultaProtocolo4</NfeConsultaProtocolo>
       <NfeStatusServico method="nfeStatusServicoNF" operation="NFeStatusServico4" version="4.00">https://homolog.sefaz.go.gov.br/nfe/services/NFeStatusServico4</NfeStatusServico>
       <RecepcaoEvento method="nfeRecepcaoEvento" operation="NFeRecepcaoEvento" version="1.00">https://homolog.sefaz.go.gov.br/nfe/services/NFeRecepcaoEvento4</RecepcaoEvento>
       <CscNFCe method="admCscNFCe" operation="CscNFCe" version="1.00">https://homolog.sefaz.go.gov.br/nfe/services/v2/CscNFCe</CscNFCe>
       <NfeConsultaQR method="QR-CODE" operation="NfeConsultaQR" version="200">http://homolog.sefaz.go.gov.br/nfeweb/sites/nfce/danfeNFCe</NfeConsultaQR>
    </homologacao>
    <producao>
       <NfeAutorizacao method="nfeAutorizacaoLote" operation="NFeAutorizacao4" version="4.00">https://nfe.sefaz.go.gov.br/nfe/services/NFeAutorizacao4</NfeAutorizacao>
       <NfeRetAutorizacao method="nfeRetAutorizacaoLote" operation="NFeRetAutorizacao4" version="4.00">https://nfe.sefaz.go.gov.br/nfe/services/NFeRetAutorizacao4</NfeRetAutorizacao>
       <NfeInutilizacao method="nfeInutilizacaoNF" operation="NFeInutilizacao4" version="4.00">https://nfe.sefaz.go.gov.br/nfe/services/NFeInutilizacao4</NfeInutilizacao>
       <NfeConsultaProtocolo method="nfeConsultaNF" operation="NFeConsultaProtocolo4" version="4.00">https://nfe.sefaz.go.gov.br/nfe/services/NFeConsultaProtocolo4</NfeConsultaProtocolo>
       <NfeStatusServico method="nfeStatusServicoNF" operation="NFeStatusServico4" version="4.00">https://nfe.sefaz.go.gov.br/nfe/services/NFeStatusServico4</NfeStatusServico>
       <RecepcaoEvento method="nfeRecepcaoEvento" operation="NFeRecepcaoEvento" version="1.00">https://nfe.sefaz.go.gov.br/nfe/services/NFeRecepcaoEvento4</RecepcaoEvento>
       <CscNFCe method="admCscNFCe" operation="CscNFCe" version="1.00">https://nfe.sefaz.go.gov.br/nfe/services/v2/CscNFCe</CscNFCe>
       <NfeConsultaQR method="QR-CODE" operation="NfeConsultaQR" version="200">http://nfe.sefaz.go.gov.br/nfeweb/sites/nfce/danfeNFCe</NfeConsultaQR>
    </producao>
  </UF>
  <UF>
    <sigla>MA</sigla>
    <homologacao>
      <NfeConsultaQR method="QR-CODE" operation="NfeConsultaQR" version="200">http://www.hom.nfce.sefaz.ma.gov.br/portal/consultarNFCe.jsp</NfeConsultaQR>
    </homologacao>
    <producao>
      <NfeConsultaQR method="QR-CODE" operation="NfeConsultaQR" version="200">https://nfce.sefaz.ma.gov.br/portal/consultarNFCe.jsp</NfeConsultaQR>
    </producao>
  </UF>
  <UF>
    <sigla>MG</sigla>
    <homologacao>
       <NfeAutorizacao method="nfeAutorizacaoLote" operation="NFeAutorizacao4" version="4.00">https://hnfce.fazenda.mg.gov.br/nfce/services/NFeAutorizacao4</NfeAutorizacao>
       <NfeRetAutorizacao method="nfeRetAutorizacaoLote" operation="NFeRetAutorizacao4" version="4.00">https://hnfce.fazenda.mg.gov.br/nfce/services/NFeRetAutorizacao4</NfeRetAutorizacao>
       <NfeInutilizacao method="nfeInutilizacaoNF" operation="NFeInutilizacao4" version="4.00">https://hnfce.fazenda.mg.gov.br/nfce/services/NFeInutilizacao4</NfeInutilizacao>
       <NfeConsultaProtocolo method="nfeConsultaNF" operation="NFeConsultaProtocolo4" version="4.00">https://hnfce.fazenda.mg.gov.br/nfce/services/NFeConsultaProtocolo4</NfeConsultaProtocolo>
       <NfeStatusServico method="nfeStatusServicoNF" operation="NFeStatusServico4" version="4.00">https://hnfce.fazenda.mg.gov.br/nfce/services/NFeStatusServico4</NfeStatusServico>
       <RecepcaoEvento method="nfeRecepcaoEvento" operation="NFeRecepcaoEvento4" version="1.00">https://hnfce.fazenda.mg.gov.br/nfce/services/NFeRecepcaoEvento4</RecepcaoEvento>
       <NfeConsultaQR method="QR-CODE" operation="NfeConsultaQR" version="200">https://portalsped.fazenda.mg.gov.br/portalnfce/sistema/qrcode.xhtml</NfeConsultaQR>
    </homologacao>
    <producao>
       <NfeAutorizacao method="nfeAutorizacaoLote" operation="NFeAutorizacao4" version="4.00">https://nfce.fazenda.mg.gov.br/nfce/services/NFeAutorizacao4</NfeAutorizacao>
       <NfeRetAutorizacao method="nfeRetAutorizacaoLote" operation="NFeRetAutorizacao4" version="4.00">https://nfce.fazenda.mg.gov.br/nfce/services/NFeRetAutorizacao4</NfeRetAutorizacao>
       <NfeInutilizacao method="nfeInutilizacaoNF" operation="NFeInutilizacao4" version="4.00">https://nfce.fazenda.mg.gov.br/nfce/services/NFeInutilizacao4</NfeInutilizacao>
       <NfeConsultaProtocolo method="nfeConsultaNF" operation="NFeConsultaProtocolo4" version="4.00">https://nfce.fazenda.mg.gov.br/nfce/services/NFeConsultaProtocolo4</NfeConsultaProtocolo>
       <NfeStatusServico method="nfeStatusServicoNF" operation="NFeStatusServico4" version="4.00">https://nfce.fazenda.mg.gov.br/nfce/services/NFeStatusServico4</NfeStatusServico>
       <RecepcaoEvento method="nfeRecepcaoEvento" operation="NFeRecepcaoEvento4" version="1.00">https://nfce.fazenda.mg.gov.br/nfce/services/NFeRecepcaoEvento4</RecepcaoEvento>
       <NfeConsultaQR method="QR-CODE" operation="NfeConsultaQR" version="200">https://portalsped.fazenda.mg.gov.br/portalnfce/sistema/qrcode.xhtml</NfeConsultaQR>
    </producao>
  </UF>
  <UF>
    <sigla>MT</sigla>
    <homologacao>
       <NfeAutorizacao method="nfeAutorizacaoLote" operation="NFeAutorizacao4" version="4.00">https://homologacao.sefaz.mt.gov.br/nfcews/services/NfeAutorizacao4</NfeAutorizacao>
       <NfeRetAutorizacao method="nfeRetAutorizacaoLote" operation="NFeRetAutorizacao4" version="4.00">https://homologacao.sefaz.mt.gov.br/nfcews/services/NfeRetAutorizacao4</NfeRetAutorizacao>
       <NfeInutilizacao  method="nfeInutilizacaoNF" operation="NFeInutilizacao4" version="4.00">https://homologacao.sefaz.mt.gov.br/nfcews/services/NfeInutilizacao4</NfeInutilizacao>
       <NfeConsultaProtocolo method="nfeConsultaNF" operation="NFeConsultaProtocolo4" version="4.00">https://homologacao.sefaz.mt.gov.br/nfcews/services/NfeConsulta4</NfeConsultaProtocolo>
       <NfeStatusServico method="nfeStatusServicoNF" operation="NFeStatusServico4" version="4.00">https://homologacao.sefaz.mt.gov.br/nfcews/services/NfeStatusServico4</NfeStatusServico>
       <RecepcaoEvento  method="nfeRecepcaoEvento" operation="NFeRecepcaoEvento4" version="1.00">https://homologacao.sefaz.mt.gov.br/nfcews/services/RecepcaoEvento4</RecepcaoEvento>
       <NfeConsultaQR method="QR-CODE" operation="NfeConsultaQR" version="200">http://homologacao.sefaz.mt.gov.br/nfce/consultanfce</NfeConsultaQR>
    </homologacao>
    <producao>
       <NfeAutorizacao method="nfeAutorizacaoLote" operation="NFeAutorizacao4" version="4.00">https://nfce.sefaz.mt.gov.br/nfcews/services/NfeAutorizacao4</NfeAutorizacao>
       <NfeRetAutorizacao method="nfeRetAutorizacaoLote" operation="NFeRetAutorizacao4" version="4.00">https://nfce.sefaz.mt.gov.br/nfcews/services/NfeRetAutorizacao4</NfeRetAutorizacao>
       <NfeInutilizacao  method="nfeInutilizacaoNF" operation="NFeInutilizacao4" version="4.00">https://nfce.sefaz.mt.gov.br/nfcews/services/NfeInutilizacao4</NfeInutilizacao>
       <NfeConsultaProtocolo method="nfeConsultaNF" operation="NFeConsultaProtocolo4" version="4.00">https://nfce.sefaz.mt.gov.br/nfcews/services/NfeConsulta4</NfeConsultaProtocolo>
       <NfeStatusServico method="nfeStatusServicoNF" operation="NFeStatusServico4" version="4.00">https://nfce.sefaz.mt.gov.br/nfcews/services/NfeStatusServico4</NfeStatusServico>
       <RecepcaoEvento  method="nfeRecepcaoEvento" operation="NFeRecepcaoEvento4" version="1.00">https://nfce.sefaz.mt.gov.br/nfcews/services/RecepcaoEvento4</RecepcaoEvento>
       <NfeConsultaQR method="QR-CODE" operation="NfeConsultaQR" version="200">http://www.sefaz.mt.gov.br/nfce/consultanfce</NfeConsultaQR>
    </producao>
  </UF>
  <UF>
    <sigla>MS</sigla>
    <homologacao>
       <NfeAutorizacao method="nfeAutorizacaoLote" operation="NFeAutorizacao4" version="4.00">https://hom.nfce.sefaz.ms.gov.br/ws/NFeAutorizacao4</NfeAutorizacao>
       <NfeRetAutorizacao method="nfeRetAutorizacaoLote" operation="NFeRetAutorizacao4" version="4.00">https://hom.nfce.sefaz.ms.gov.br/ws/NFeRetAutorizacao4</NfeRetAutorizacao>
       <NfeInutilizacao  method="nfeInutilizacaoNF" operation="NFeInutilizacao4" version="4.00">https://hom.nfce.sefaz.ms.gov.br/ws/NFeInutilizacao4</NfeInutilizacao>
       <NfeConsultaProtocolo method="nfeConsultaNF" operation="NFeConsultaProtocolo4" version="4.00">https://hom.nfce.sefaz.ms.gov.br/ws/NFeConsultaProtocolo4</NfeConsultaProtocolo>
       <NfeStatusServico method="nfeStatusServicoNF" operation="NFeStatusServico4" version="4.00">https://hom.nfce.sefaz.ms.gov.br/ws/NFeStatusServico4</NfeStatusServico>
       <RecepcaoEvento  method="nfeRecepcaoEvento" operation="NFeRecepcaoEvento4" version="1.00">https://hom.nfce.sefaz.ms.gov.br/ws/NFeRecepcaoEvento4</RecepcaoEvento>
       <NfeConsultaQR method="QR-CODE" operation="NfeConsultaQR" version="200">http://www.dfe.ms.gov.br/nfce/qrcode</NfeConsultaQR>
    </homologacao>
    <producao>
       <NfeAutorizacao method="nfeAutorizacaoLote" operation="NFeAutorizacao4" version="4.00">https://nfce.sefaz.ms.gov.br/ws/NFeAutorizacao4</NfeAutorizacao>
       <NfeRetAutorizacao method="nfeRetAutorizacaoLote" operation="NFeRetAutorizacao4" version="4.00">https://nfce.sefaz.ms.gov.br/ws/NFeRetAutorizacao4</NfeRetAutorizacao>
       <NfeInutilizacao  method="nfeInutilizacaoNF" operation="NFeInutilizacao4" version="4.00">https://nfce.sefaz.ms.gov.br/ws/NFeInutilizacao4</NfeInutilizacao>
       <NfeConsultaProtocolo method="nfeConsultaNF" operation="NFeConsultaProtocolo4" version="4.00">https://nfce.sefaz.ms.gov.br/ws/NFeConsultaProtocolo4</NfeConsultaProtocolo>
       <NfeStatusServico method="nfeStatusServicoNF" operation="NFeStatusServico4" version="4.00">https://nfce.sefaz.ms.gov.br/ws/NFeStatusServico4</NfeStatusServico>
       <RecepcaoEvento  method="nfeRecepcaoEvento" operation="NFeRecepcaoEvento4" version="1.00">https://nfce.sefaz.ms.gov.br/ws/NFeRecepcaoEvento4</RecepcaoEvento>
       <NfeConsultaQR method="QR-CODE" operation="NfeConsultaQR" version="200">http://www.dfe.ms.gov.br/nfce/qrcode</NfeConsultaQR>
    </producao>
  </UF>
  <UF>
    <sigla>PA</sigla>
    <homologacao>
      <NfeConsultaQR method="QR-CODE" operation="NfeConsultaQR" version="200">https://appnfc.sefa.pa.gov.br/portal-homologacao/view/consultas/nfce/nfceForm.seam</NfeConsultaQR>
    </homologacao>
    <producao>
      <NfeConsultaQR method="QR-CODE" operation="NfeConsultaQR" version="200">https://appnfc.sefa.pa.gov.br/portal/view/consultas/nfce/nfceForm.seam</NfeConsultaQR>
    </producao>
  </UF>
  <UF>
    <sigla>PB</sigla>
    <homologacao>
      <NfeConsultaQR method="QR-CODE" operation="NfeConsultaQR" version="200">http://www.sefaz.pb.gov.br/nfcehom</NfeConsultaQR>
    </homologacao>
    <producao>
      <NfeConsultaQR method="QR-CODE" operation="NfeConsultaQR" version="200">http://www.sefaz.pb.gov.br/nfce</NfeConsultaQR>
    </producao>
  </UF>
  <UF>
    <sigla>PE</sigla>
    <homologacao>
      <NfeConsultaQR method="QR-CODE" operation="NfeConsultaQR" version="200">http://nfcehomolog.sefaz.pe.gov.br/nfce/consulta</NfeConsultaQR>
    </homologacao>
    <producao>
      <NfeConsultaQR method="QR-CODE" operation="NfeConsultaQR" version="200">http://nfce.sefaz.pe.gov.br/nfce/consulta</NfeConsultaQR>
    </producao>
  </UF>
  <UF>
    <sigla>PI</sigla>
    <homologacao>
      <NfeConsultaQR method="QR-CODE" operation="NfeConsultaQR" version="200">http://www.sefaz.pi.gov.br/nfce/qrcode</NfeConsultaQR>
    </homologacao>
    <producao>
      <NfeConsultaQR method="QR-CODE" operation="NfeConsultaQR" version="200">http://www.sefaz.pi.gov.br/nfce/qrcode</NfeConsultaQR>
    </producao>
  </UF>
  <UF>
    <sigla>PR</sigla>
    <homologacao>
       <NfeAutorizacao method="nfeAutorizacaoLote" operation="NFeAutorizacao4" version="4.00">https://homologacao.nfce.sefa.pr.gov.br/nfce/NFeAutorizacao4</NfeAutorizacao>
       <NfeRetAutorizacao method="nfeRetAutorizacaoLote" operation="NFeRetAutorizacao4" version="4.00">https://homologacao.nfce.sefa.pr.gov.br/nfce/NFeRetAutorizacao4</NfeRetAutorizacao>
       <NfeInutilizacao  method="nfeInutilizacaoNF" operation="NFeInutilizacao4" version="4.00">https://homologacao.nfce.sefa.pr.gov.br/nfce/NFeInutilizacao4</NfeInutilizacao>
       <NfeConsultaProtocolo method="nfeConsultaNF" operation="NFeConsultaProtocolo4" version="4.00">https://homologacao.nfce.sefa.pr.gov.br/nfce/NFeConsultaProtocolo4</NfeConsultaProtocolo>
       <NfeStatusServico method="nfeStatusServicoNF" operation="NFeStatusServico4" version="4.00">https://homologacao.nfce.sefa.pr.gov.br/nfce/NFeStatusServico4</NfeStatusServico>
       <RecepcaoEvento  method="nfeRecepcaoEvento" operation="NFeRecepcaoEvento" version="1.00">https://homologacao.nfce.sefa.pr.gov.br/nfce/NFeRecepcaoEvento4</RecepcaoEvento>
       <NfeConsultaQR method="QR-CODE" operation="NfeConsultaQR" version="200">http://www.fazenda.pr.gov.br/nfce/qrcode</NfeConsultaQR>
    </homologacao>
    <producao>
       <NfeAutorizacao method="nfeAutorizacaoLote" operation="NFeAutorizacao4" version="4.00">https://nfce.sefa.pr.gov.br/nfce/NFeAutorizacao4</NfeAutorizacao>
       <NfeRetAutorizacao method="nfeRetAutorizacao" operation="NFeRetAutorizacao4" version="4.00">https://nfce.sefa.pr.gov.br/nfce/NFeRetAutorizacao4</NfeRetAutorizacao>
       <NfeInutilizacao  method="nfeInutilizacaoNF" operation="NFeInutilizacao4" version="4.00">https://nfce.sefa.pr.gov.br/nfce/NFeInutilizacao4</NfeInutilizacao>
       <NfeConsultaProtocolo method="nfeConsultaNF" operation="NFeConsultaProtocolo4" version="4.00">https://nfce.sefa.pr.gov.br/nfce/NFeConsultaProtocolo4</NfeConsultaProtocolo>
       <NfeStatusServico method="nfeStatusServicoNF" operation="NFeStatusServico4" version="4.00">https://nfce.sefa.pr.gov.br/nfce/NFeStatusServico4</NfeStatusServico>
       <RecepcaoEvento  method="nfeRecepcaoEvento" operation="NFeRecepcaoEvento" version="1.00">https://nfce.sefa.pr.gov.br/nfce/NFeRecepcaoEvento4</RecepcaoEvento>
       <NfeConsultaQR method="QR-CODE" operation="NfeConsultaQR" version="200">http://www.fazenda.pr.gov.br/nfce/qrcode</NfeConsultaQR>
    </producao>
  </UF>
  <UF>
    <sigla>RJ</sigla>
    <homologacao>
       <NfeConsultaQR method="QR-CODE" operation="NfeConsultaQR" version="200">http://www4.fazenda.rj.gov.br/consultaNFCe/QRCode</NfeConsultaQR>
    </homologacao>
    <producao>
       <NfeConsultaQR method="QR-CODE" operation="NfeConsultaQR" version="200">http://www4.fazenda.rj.gov.br/consultaNFCe/QRCode</NfeConsultaQR>
    </producao>
  </UF>
  <UF>
    <sigla>RN</sigla>
    <homologacao>
       <NfeConsultaQR method="QR-CODE" operation="NfeConsultaQR" version="200">http://hom.nfce.set.rn.gov.br/consultarNFCe.aspx</NfeConsultaQR>
    </homologacao>
    <producao>
       <NfeConsultaQR method="QR-CODE" operation="NfeConsultaQR" version="200">http://nfce.set.rn.gov.br/consultarNFCe.aspx</NfeConsultaQR>
    </producao>
  </UF>
  <UF>
    <sigla>RO</sigla>
    <homologacao>
       <NfeConsultaQR method="QR-CODE" operation="NfeConsultaQR" version="200">http://www.nfce.sefin.ro.gov.br/consultanfce/consulta.jsp</NfeConsultaQR>
    </homologacao>
    <producao>
       <NfeConsultaQR method="QR-CODE" operation="NfeConsultaQR" version="200">http://www.nfce.sefin.ro.gov.br/consultanfce/consulta.jsp</NfeConsultaQR>
    </producao>
  </UF>
  <UF>
    <sigla>RR</sigla>
    <homologacao>
       <NfeConsultaQR method="QR-CODE" operation="NfeConsultaQR" version="200">http://200.174.88.103:8080/nfce/servlet/qrcode</NfeConsultaQR>
    </homologacao>
    <producao>
       <NfeConsultaQR method="QR-CODE" operation="NfeConsultaQR" version="200">https://www.sefaz.rr.gov.br/servlet/qrcode</NfeConsultaQR>
    </producao>
  </UF>
  <UF>
    <sigla>RS</sigla>
    <homologacao>
       <NfeAutorizacao method="nfeAutorizacaoLote" operation="NFeAutorizacao4" version="4.00">https://nfce-homologacao.sefazrs.rs.gov.br/ws/NfeAutorizacao/NFeAutorizacao4.asmx</NfeAutorizacao>
       <NfeRetAutorizacao method="nfeRetAutorizacaoLote" operation="NFeRetAutorizacao4" version="4.00">https://nfce-homologacao.sefazrs.rs.gov.br/ws/NfeRetAutorizacao/NFeRetAutorizacao4.asmx</NfeRetAutorizacao>
       <NfeInutilizacao  method="nfeInutilizacaoNF" operation="NFeInutilizacao4" version="4.00">https://nfce-homologacao.sefazrs.rs.gov.br/ws/nfeinutilizacao/nfeinutilizacao4.asmx</NfeInutilizacao>
       <NfeConsultaProtocolo method="nfeConsultaNF" operation="NFeConsultaProtocolo4" version="4.00">https://nfce-homologacao.sefazrs.rs.gov.br/ws/NfeConsulta/NfeConsulta4.asmx</NfeConsultaProtocolo>
       <NfeStatusServico method="nfeStatusServicoNF" operation="NFeStatusServico4" version="4.00">https://nfce-homologacao.sefazrs.rs.gov.br/ws/NfeStatusServico/NfeStatusServico4.asmx</NfeStatusServico>
       <RecepcaoEvento  method="nfeRecepcaoEvento" operation="NFeRecepcaoEvento4" version="1.00">https://nfce-homologacao.sefazrs.rs.gov.br/ws/recepcaoevento/recepcaoevento4.asmx</RecepcaoEvento>
       <NfeConsultaQR method="QR-CODE" operation="NfeConsultaQR" version="200">https://www.sefaz.rs.gov.br/NFCE/NFCE-COM.aspx</NfeConsultaQR>
    </homologacao>
    <producao>
       <NfeAutorizacao method="nfeAutorizacaoLote" operation="NFeAutorizacao4" version="4.00">https://nfce.sefazrs.rs.gov.br/ws/NfeAutorizacao/NFeAutorizacao4.asmx</NfeAutorizacao>
       <NfeRetAutorizacao method="nfeRetAutorizacaoLote" operation="NFeRetAutorizacao4" version="4.00">https://nfce.sefazrs.rs.gov.br/ws/NfeRetAutorizacao/NFeRetAutorizacao4.asmx</NfeRetAutorizacao>
       <NfeInutilizacao  method="nfeInutilizacaoNF" operation="NFeInutilizacao4" version="4.00">https://nfce.sefazrs.rs.gov.br/ws/nfeinutilizacao/nfeinutilizacao4.asmx</NfeInutilizacao>
       <NfeConsultaProtocolo method="nfeConsultaNF" operation="NFeConsultaProtocolo4" version="4.00">https://nfce.sefazrs.rs.gov.br/ws/NfeConsulta/NfeConsulta4.asmx</NfeConsultaProtocolo>
       <NfeStatusServico method="nfeStatusServicoNF" operation="NFeStatusServico4" version="4.00">https://nfce.sefazrs.rs.gov.br/ws/NfeStatusServico/NfeStatusServico4.asmx</NfeStatusServico>
       <RecepcaoEvento  method="nfeRecepcaoEvento" operation="NFeRecepcaoEvento4" version="1.00">https://nfce.sefazrs.rs.gov.br/ws/recepcaoevento/recepcaoevento4.asmx</RecepcaoEvento>
       <NfeConsultaQR method="QR-CODE" operation="NfeConsultaQR" version="200">https://www.sefaz.rs.gov.br/NFCE/NFCE-COM.aspx</NfeConsultaQR>
    </producao>
  </UF>
  <UF>
    <sigla>SC</sigla>
    <homologacao>
      <NfeConsultaQR method="QR-CODE" operation="NfeConsultaQR" version="200">https://hom.sat.sef.sc.gov.br/nfce/consulta</NfeConsultaQR>
    </homologacao>
    <producao>
      <NfeConsultaQR method="QR-CODE" operation="NfeConsultaQR" version="200">https://sat.sef.sc.gov.br/nfce/consulta</NfeConsultaQR>
    </producao>
  </UF>
  <UF>
    <sigla>SE</sigla>
    <homologacao>
      <NfeConsultaQR method="QR-CODE" operation="NfeConsultaQR" version="200">http://www.hom.nfe.se.gov.br/nfce/qrcode</NfeConsultaQR>
    </homologacao>
    <producao>
      <NfeConsultaQR method="QR-CODE" operation="NfeConsultaQR" version="200">http://www.nfce.se.gov.br/nfce/qrcode</NfeConsultaQR>
    </producao>
  </UF>
  <UF>
    <sigla>SP</sigla>
    <homologacao>
       <NfeAutorizacao method="nfeAutorizacaoLote" operation="NFeAutorizacao4" version="4.00">https://homologacao.nfce.fazenda.sp.gov.br/ws/NFeAutorizacao4.asmx</NfeAutorizacao>
       <NfeRetAutorizacao method="nfeRetAutorizacaoLote" operation="NFeRetAutorizacao4" version="4.00">https://homologacao.nfce.fazenda.sp.gov.br/ws/NFeRetAutorizacao4.asmx</NfeRetAutorizacao>
       <NfeInutilizacao  method="nfeInutilizacaoNF" operation="NFeInutilizacao4" version="4.00">https://homologacao.nfce.fazenda.sp.gov.br/ws/NFeInutilizacao4.asmx</NfeInutilizacao>
       <NfeConsultaProtocolo method="nfeConsultaNF" operation="NFeConsultaProtocolo4" version="4.00">https://homologacao.nfce.fazenda.sp.gov.br/ws/NFeConsultaProtocolo4.asmx</NfeConsultaProtocolo>
       <NfeStatusServico method="nfeStatusServicoNF" operation="NFeStatusServico4" version="4.00">https://homologacao.nfce.fazenda.sp.gov.br/ws/NFeStatusServico4.asmx</NfeStatusServico>
       <RecepcaoEvento  method="nfeRecepcaoEvento" operation="NFeRecepcaoEvento4" version="1.00">https://homologacao.nfce.fazenda.sp.gov.br/ws/NFeRecepcaoEvento4.asmx</RecepcaoEvento>
       <NfeConsultaQR method="QR-CODE" operation="NfeConsultaQR" version="200">https://www.homologacao.nfce.fazenda.sp.gov.br/qrcode</NfeConsultaQR>
    </homologacao>
    <producao>
       <NfeAutorizacao method="nfeAutorizacaoLote" operation="NFeAutorizacao4" version="4.00">https://nfce.fazenda.sp.gov.br/ws/NFeAutorizacao4.asmx</NfeAutorizacao>
       <NfeRetAutorizacao method="nfeRetAutorizacaoLote" operation="NFeRetAutorizacao4" version="4.00">https://nfce.fazenda.sp.gov.br/ws/NFeRetAutorizacao4.asmx</NfeRetAutorizacao>
       <NfeInutilizacao  method="nfeInutilizacaoNF" operation="NFeInutilizacao4" version="4.00">https://nfce.fazenda.sp.gov.br/ws/NFeInutilizacao4.asmx</NfeInutilizacao>
       <NfeConsultaProtocolo method="nfeConsultaNF" operation="NFeConsultaProtocolo4" version="4.00">https://nfce.fazenda.sp.gov.br/ws/NFeConsultaProtocolo4.asmx</NfeConsultaProtocolo>
       <NfeStatusServico method="nfeStatusServicoNF" operation="NFeStatusServico4" version="4.00">https://nfce.fazenda.sp.gov.br/ws/NFeStatusServico4.asmx</NfeStatusServico>
       <RecepcaoEvento  method="nfeRecepcaoEvento" operation="NFeRecepcaoEvento4" version="1.00">https://nfce.fazenda.sp.gov.br/ws/NFeRecepcaoEvento4.asmx</RecepcaoEvento>
       <NfeConsultaQR method="QR-CODE" operation="NfeConsultaQR" version="200">https://www.nfce.fazenda.sp.gov.br/qrcode</NfeConsultaQR>
    </producao>
  </UF>
  <UF>
    <sigla>TO</sigla>
    <homologacao>
      <NfeConsultaQR method="QR-CODE" operation="NfeConsultaQR" version="200">http://homologacao.sefaz.to.gov.br/nfce/qrcode</NfeConsultaQR>
    </homologacao>
    <producao>
      <NfeConsultaQR method="QR-CODE" operation="NfeConsultaQR" version="200">http://www.sefaz.to.gov.br/nfce/qrcode</NfeConsultaQR>
    </producao>
  </UF>
  <UF>
    <sigla>SVRS</sigla>
    <homologacao>
       <NfeAutorizacao method="nfeAutorizacaoLote" operation="NFeAutorizacao4" version="4.00">https://nfce-homologacao.svrs.rs.gov.br/ws/NfeAutorizacao/NFeAutorizacao4.asmx</NfeAutorizacao>
       <NfeRetAutorizacao method="nfeRetAutorizacaoLote" operation="NFeRetAutorizacao4" version="4.00">https://nfce-homologacao.svrs.rs.gov.br/ws/NfeRetAutorizacao/NFeRetAutorizacao4.asmx</NfeRetAutorizacao>
       <NfeInutilizacao  method="nfeInutilizacaoNF" operation="NFeInutilizacao4" version="4.00">https://nfce-homologacao.svrs.rs.gov.br/ws/nfeinutilizacao/nfeinutilizacao4.asmx</NfeInutilizacao>
       <NfeConsultaProtocolo method="nfeConsultaNF" operation="NFeConsultaProtocolo4" version="4.00">https://nfce-homologacao.svrs.rs.gov.br/ws/NfeConsulta/NfeConsulta4.asmx</NfeConsultaProtocolo>
       <NfeStatusServico method="nfeStatusServicoNF" operation="NFeStatusServico4" version="4.00">https://nfce-homologacao.svrs.rs.gov.br/ws/NfeStatusServico/NfeStatusServico4.asmx</NfeStatusServico>
       <RecepcaoEvento  method="nfeRecepcaoEvento" operation="NFeRecepcaoEvento4" version="1.00">https://nfce-homologacao.svrs.rs.gov.br/ws/recepcaoevento/recepcaoevento4.asmx</RecepcaoEvento>
    </homologacao>
    <producao>
       <NfeAutorizacao method="nfeAutorizacaoLote" operation="NFeAutorizacao4" version="4.00">https://nfce.svrs.rs.gov.br/ws/NfeAutorizacao/NFeAutorizacao4.asmx</NfeAutorizacao>
       <NfeRetAutorizacao method="nfeRetAutorizacaoLote" operation="NFeRetAutorizacao4" version="4.00">https://nfce.svrs.rs.gov.br/ws/NfeRetAutorizacao/NFeRetAutorizacao4.asmx</NfeRetAutorizacao>
       <NfeInutilizacao  method="nfeInutilizacaoNF" operation="NFeInutilizacao4" version="4.00">https://nfce.svrs.rs.gov.br/ws/nfeinutilizacao/nfeinutilizacao4.asmx</NfeInutilizacao>
       <NfeConsultaProtocolo method="nfeConsultaNF" operation="NFeConsultaProtocolo4" version="4.00">https://nfce.svrs.rs.gov.br/ws/NfeConsulta/NfeConsulta4.asmx</NfeConsultaProtocolo>
       <NfeStatusServico method="nfeStatusServicoNF" operation="NFeStatusServico4" version="4.00">https://nfce.svrs.rs.gov.br/ws/NfeStatusServico/NfeStatusServico4.asmx</NfeStatusServico>
       <RecepcaoEvento  method="nfeRecepcaoEvento" operation="NFeRecepcaoEvento4" version="1.00">https://nfce.svrs.rs.gov.br/ws/recepcaoevento/recepcaoevento4.asmx</RecepcaoEvento>
    </producao>
  </UF>
</WS>
