<?xml version="1.0" encoding="UTF-8"?>
<mdfeProc versao="3.00" xmlns="http://www.portalfiscal.inf.br/mdfe">
    <MDFe xmlns="http://www.portalfiscal.inf.br/mdfe">
        <infMDFe Id="MDFe41200879549135000160580260000004071215501196" versao="3.00">
            <ide>
                <cUF>41</cUF>
                <tpAmb>2</tpAmb>
                <tpEmit>2</tpEmit>
                <mod>58</mod>
                <serie>26</serie>
                <nMDF>407</nMDF>
                <cMDF>21550119</cMDF>
                <cDV>6</cDV>
                <modal>1</modal>
                <dhEmi>2020-08-21T14:16:29-03:00</dhEmi>
                <tpEmis>1</tpEmis>
                <procEmi>0</procEmi>
                <verProc>4.2.0</verProc>
                <UFIni>PR</UFIni>
                <UFFim>RS</UFFim>
                <infMunCarrega>
                    <cMunCarrega>4108403</cMunCarrega>
                    <xMunCarrega>Francisco Beltrao</xMunCarrega>
                </infMunCarrega>
                <infPercurso>
                    <UFPer>SC</UFPer>
                </infPercurso>
            </ide>
            <emit>
                <CNPJ>79549135000160</CNPJ>
                <IE>9061720119</IE>
                <xNome>EMPRESA DEMONSTRACAO LTDA</xNome>
                <xFant>FABRICA DE SOFTWARE MATRIZ</xFant>
                <enderEmit>
                    <xLgr>AVENIDA JULIO ASSIS CAVALHEIRO</xLgr>
                    <nro>1</nro>
                    <xBairro>CENTRO</xBairro>
                    <cMun>4108403</cMun>
                    <xMun>Francisco Beltrao</xMun>
                    <CEP>85601000</CEP>
                    <UF>PR</UF>
                    <fone>4635230686</fone>
                </enderEmit>
            </emit>
            <infModal versaoModal="3.00">
                <rodo>
                    <infANTT>
                        <RNTRC>12345678</RNTRC>
                        <infContratante>
                            <CPF>01234567890</CPF>
                        </infContratante>
                    </infANTT>
                    <veicTracao>
                        <placa>ABC1011</placa>
                        <RENAVAM>32132132131</RENAVAM>
                        <tara>0</tara>
                        <prop>
                            <CPF>01234567890</CPF>
                            <RNTRC>88888888</RNTRC>
                            <xNome>ALISSON</xNome>
                            <IE>ISENTO</IE>
                            <UF>PR</UF>
                            <tpProp>0</tpProp>
                        </prop>
                        <condutor>
                            <xNome>CLEITON</xNome>
                            <CPF>06844990960</CPF>
                        </condutor>
                        <tpRod>01</tpRod>
                        <tpCar>01</tpCar>
                        <UF>PR</UF>
                    </veicTracao>
                    <veicReboque>
                        <placa>ABC1012</placa>
                        <RENAVAM>12313213213</RENAVAM>
                        <tara>0</tara>
                        <capKG>20000</capKG>
                        <capM3>180</capM3>
                        <prop>
                            <CPF>01234567890</CPF>
                            <RNTRC>88888888</RNTRC>
                            <xNome>ALISSON</xNome>
                            <IE>ISENTO</IE>
                            <UF>PR</UF>
                            <tpProp>0</tpProp>
                        </prop>
                        <tpCar>03</tpCar>
                        <UF>PR</UF>
                    </veicReboque>
                </rodo>
            </infModal>
            <infDoc>
                <infMunDescarga>
                    <cMunDescarga>4314902</cMunDescarga>
                    <xMunDescarga>Porto Alegre</xMunDescarga>
                    <infNFe>
                        <chNFe>41190122545265000108550270000004491369658540</chNFe>
                    </infNFe>
                </infMunDescarga>
            </infDoc>
            <prodPred>
                <tpCarga>01</tpCarga>
                <xProd>CELULAR SANSUNG</xProd>
                <NCM>75071200</NCM>
                <infLotacao>
                    <infLocalCarrega>
                        <CEP>85602400</CEP>
                    </infLocalCarrega>
                    <infLocalDescarrega>
                        <CEP>85602400</CEP>
                    </infLocalDescarrega>
                </infLotacao>
            </prodPred>
            <tot>
                <qNFe>1</qNFe>
                <vCarga>50.00</vCarga>
                <cUnid>01</cUnid>
                <qCarga>5000.0000</qCarga>
            </tot>
            <lacres>
                <nLacre>3113213213213213213213</nLacre>
            </lacres>
        </infMDFe>
        <infMDFeSupl>
            <qrCodMDFe>
                <![CDATA[https://dfe-portal.svrs.rs.gov.br/mdfe/qrCode?chMDFe=41200879549135000160580260000004071215501196&tpAmb=2]]></qrCodMDFe>
        </infMDFeSupl>
        <Signature xmlns="http://www.w3.org/2000/09/xmldsig#">
            <SignedInfo>
                <CanonicalizationMethod Algorithm="http://www.w3.org/TR/2001/REC-xml-c14n-20010315"/>
                <SignatureMethod Algorithm="http://www.w3.org/2000/09/xmldsig#rsa-sha1"/>
                <Reference URI="#MDFe41200879549135000160580260000004071215501196">
                    <Transforms>
                        <Transform Algorithm="http://www.w3.org/2000/09/xmldsig#enveloped-signature"/>
                        <Transform Algorithm="http://www.w3.org/TR/2001/REC-xml-c14n-20010315"/>
                    </Transforms>
                    <DigestMethod Algorithm="http://www.w3.org/2000/09/xmldsig#sha1"/>
                    <DigestValue>VN5Anx4UItLLT8KcnH1RCrO2I6w=</DigestValue>
                </Reference>
            </SignedInfo>
            <SignatureValue>SG76fe0njpFwf1CLQuQyg88N1H7J9jm+Xj763dMm84V6rxgG46crgfSKgYjwde+FeEnfqbSnHGjx&#13;2YDrrthpIsfOe6eHjXVSrUaBTwlq0D0oCYP9hmGAWFbDIxw7d2g2vFEgMDSPeWECLW09UZLS6j+b&#13;J4QwvouWz1iz8WGeDNk0R++vqcw6yrhW42WZmo7k54ryZxk7+I+HX4JjGbnJv3khxrf3lDkXELLV&#13;QhmFMgOFEMFIUD2HnNbNXzPagY1lTSGn0tbDbTy6wScpIR0NEJKeaf58vbbDcZHyWBD4dnEs1bpS&#13;kwL6tKj3oj1DnC8ewTGmpLgPtnc+aIMpGEl/zA==</SignatureValue>
            <KeyInfo>
                <X509Data>
                    <X509Certificate>MIIHyjCCBbKgAwIBAgIISMyhyW+tATAwDQYJKoZIhvcNAQELBQAwdDELMAkGA1UEBhMCQlIxEzAR&#13;BgNVBAoTCklDUC1CcmFzaWwxNjA0BgNVBAsTLVNlY3JldGFyaWEgZGEgUmVjZWl0YSBGZWRlcmFs&#13;IGRvIEJyYXNpbCAtIFJGQjEYMBYGA1UEAxMPQUMgVkFMSUQgUkZCIHY1MB4XDTIwMDcyMTE3NTIy&#13;MFoXDTIzMDcyMTE3NTIyMFowgfcxCzAJBgNVBAYTAkJSMQswCQYDVQQIEwJQUjEQMA4GA1UEBxMH&#13;UkVBTEVaQTETMBEGA1UEChMKSUNQLUJyYXNpbDE2MDQGA1UECxMtU2VjcmV0YXJpYSBkYSBSZWNl&#13;aXRhIEZlZGVyYWwgZG8gQnJhc2lsIC0gUkZCMRYwFAYDVQQLEw1SRkIgZS1DTlBKIEEzMRkwFwYD&#13;VQQLExBBUiBTRU5IQSBESUdJVEFMMRcwFQYDVQQLEw4xOTUyMDYzMDAwMDExNTEwMC4GA1UEAxMn&#13;SlVDSU1BUiBMVUlaIFJPVkFOSSBMVERBOjc5NTQ5MTM1MDAwMTYwMIIBIjANBgkqhkiG9w0BAQEF&#13;AAOCAQ8AMIIBCgKCAQEAlvaOjLpXbj2wbsckQcIOs6jWEuSOM/7/oAEFbTPoPYFlTtnyu+i65aZF&#13;659M7nQ2+/WbCIfNmZYt+cbN6UBSQwuchZInBjRGle4bqZRrFfN4BGbH13a42MXeY5CM5gh4bSpL&#13;kp75IzcbhnaCkdwyJwoiI35/Y5kxsYBeZsmelsA9nQBYfxkdjLd8d5NGgvnDHwfZCkudmOYQIBu7&#13;42wZMYUjpbaMgV7JWr6RHGLSKE2Il9MGN5w7qKDh0NWpDAQ5IRteA2LswSwUTpSnxUgaooC+6/zp&#13;OfUL6dq5lTfGN3H7X/Xw+W13B2SPO6SvPiV6Zg3X4TSwfU8J2lPy0YmGIQIDAQABo4IC2jCCAtYw&#13;gZwGCCsGAQUFBwEBBIGPMIGMMFUGCCsGAQUFBzAChklodHRwOi8vaWNwLWJyYXNpbC52YWxpZGNl&#13;cnRpZmljYWRvcmEuY29tLmJyL2FjLXZhbGlkcmZiL2FjLXZhbGlkcmZidjUucDdiMDMGCCsGAQUF&#13;BzABhidodHRwOi8vb2NzcHY1LnZhbGlkY2VydGlmaWNhZG9yYS5jb20uYnIwCQYDVR0TBAIwADAf&#13;BgNVHSMEGDAWgBRTy6XkdVCZQCy+WxVFyb7LMKqJxTBwBgNVHSAEaTBnMGUGBmBMAQIDJDBbMFkG&#13;CCsGAQUFBwIBFk1odHRwOi8vaWNwLWJyYXNpbC52YWxpZGNlcnRpZmljYWRvcmEuY29tLmJyL2Fj&#13;LXZhbGlkcmZiL2RwYy1hYy12YWxpZHJmYnY1LnBkZjCBtgYDVR0fBIGuMIGrMFOgUaBPhk1odHRw&#13;Oi8vaWNwLWJyYXNpbC52YWxpZGNlcnRpZmljYWRvcmEuY29tLmJyL2FjLXZhbGlkcmZiL2xjci1h&#13;Yy12YWxpZHJmYnY1LmNybDBUoFKgUIZOaHR0cDovL2ljcC1icmFzaWwyLnZhbGlkY2VydGlmaWNh&#13;ZG9yYS5jb20uYnIvYWMtdmFsaWRyZmIvbGNyLWFjLXZhbGlkcmZidjUuY3JsMA4GA1UdDwEB/wQE&#13;AwIF4DAdBgNVHSUEFjAUBggrBgEFBQcDAgYIKwYBBQUHAwQwga4GA1UdEQSBpjCBo4ETa2VsaWJk&#13;dWRhQGdtYWlsLmNvbaA4BgVgTAEDBKAvBC0yNjA3MTk3ODAyNTkxMTM2OTcxMDAwMDAwMDAwMDAw&#13;MDAwMDAwMDAwMDAwMDCgHgYFYEwBAwKgFQQTSlVDSU1BUiBMVUlaIFJPVkFOSaAZBgVgTAEDA6AQ&#13;BA43OTU0OTEzNTAwMDE2MKAXBgVgTAEDB6AOBAwwMDAwMDAwMDAwMDAwDQYJKoZIhvcNAQELBQAD&#13;ggIBAI92LLHOsg/7kIqFluFsbz9l/sLmivZZA0EgFCLjph3bYUAZnlypaFpG3yNU10Fd7EjsDpfM&#13;L+wovK8zVcDVr7qJ9RXoHBe6PbyMhggHBP3oTM/sJf/OADk47bzgxkFEsWlgKJnffOlzCR5/Iz/V&#13;LMnTRjgcwcBslFZHvKR0os7lElqSyqf3qme99GnZByYQypr9imtgpR9vBsYHZGsxhS9zGOg3gcD0&#13;SQzmtfdBybIgySeWfVFbFR2ntNOcV+c4R0RYhuSykWK/Mw5aOcKcZS9m/h4Sq8FY9Ia/yvHeDQpo&#13;Ytk4xzG3z3a/dXjVvfFTDZRau+WsTs219k+4YMZXT34AiEc3qu5x/ng5c0vwMDHAFdH8tUGLCdLP&#13;mur56SuMGR3OpUCSBjZfCdinzFxzajKWPXzN2zUs0os7eAQearcbN/UHpa+z+y3inpv8wl6jrWcj&#13;k0DLFYuaBr5GCFTo6lrdosm8oNtzdmKzr9lbnnBYboRjUn756ryXsQ9qzS9qta2LSc1kUMGNXl6o&#13;O+S90It0xMccbJethPW2vUFxRp7vNr/ak0HTbJnDByijArD70vLp/lppuqlHQOuVVv+1ci2ao4sU&#13;BtZqi2LLkmfKvmdzNVEs4KG648eT9yn3pK/nRdqvu7VBCoOcNB/JvZFa4PJjpyiMB2Ok05+nacQW&#13;5QR2
                    </X509Certificate>
                </X509Data>
            </KeyInfo>
        </Signature>
    </MDFe>
    <protMDFe versao="3.00">
        <infProt xmlns="http://www.portalfiscal.inf.br/mdfe" Id="MDFe941200000019291">
            <tpAmb>2</tpAmb>
            <verAplic>RS20200812115905</verAplic>
            <chMDFe>41200879549135000160580260000004071215501196</chMDFe>
            <dhRecbto>2020-08-21T14:16:41-03:00</dhRecbto>
            <nProt>941200000019291</nProt>
            <digVal>VN5Anx4UItLLT8KcnH1RCrO2I6w=</digVal>
            <cStat>100</cStat>
            <xMotivo>Autorizado o uso do MDF-e</xMotivo>
        </infProt>
    </protMDFe>
    <procCancMDFe>
        <retEventoMDFe xmlns="http://www.portalfiscal.inf.br/mdfe" versao="3.00">
            <infEvento Id="ID941200000019292">
                <tpAmb>2</tpAmb>
                <verAplic>RS20191021102629</verAplic>
                <cOrgao>41</cOrgao>
                <cStat>135</cStat>
                <xMotivo>Evento registrado e vinculado ao MDF-e</xMotivo>
                <chMDFe>41200879549135000160580260000004071215501196</chMDFe>
                <tpEvento>110111</tpEvento>
                <xEvento>Cancelamento</xEvento>
                <nSeqEvento>1</nSeqEvento>
                <dhRegEvento>2020-08-21T14:17:30-03:00</dhRegEvento>
                <nProt>941200000019292</nProt>
            </infEvento>
        </retEventoMDFe>
    </procCancMDFe>
</mdfeProc>
