<?xml version="1.0" encoding="UTF-8"?><mdfeProc versao="3.00" xmlns="http://www.portalfiscal.inf.br/mdfe"><MDFe xmlns="http://www.portalfiscal.inf.br/mdfe"><infMDFe Id="MDFe35171299999999999999580010000001721000001724" versao="3.00"><ide><cUF>35</cUF><tpAmb>2</tpAmb><tpEmit>1</tpEmit><mod>58</mod><serie>1</serie><nMDF>172</nMDF><cMDF>00000172</cMDF><cDV>4</cDV><modal>1</modal><dhEmi>2017-12-20T00:00:00-03:00</dhEmi><tpEmis>1</tpEmis><procEmi>0</procEmi><verProc>1.0.0</verProc><UFIni>SP</UFIni><UFFim>MT</UFFim><infMunCarrega><cMunCarrega>3547809</cMunCarrega><xMunCarrega>Santo André</xMunCarrega></infMunCarrega><infPercurso><UFPer>MS</UFPer></infPercurso></ide><emit><CNPJ>99999999999999</CNPJ><IE>999999999999</IE><xNome>EMITENTE FICTICIO</xNome><enderEmit><xLgr>RUA DAS FLORES</xLgr><nro>999</nro><xBairro>CENTRO</xBairro><cMun>3550308</cMun><xMun>Sao Paulo</xMun><CEP>08310510</CEP><UF>SP</UF><email>teste@teste.com</email></enderEmit></emit><infModal versaoModal="3.00"><rodo><infANTT><RNTRC>00000000</RNTRC><infContratante><CNPJ>99999999999999</CNPJ></infContratante></infANTT><veicTracao><placa>KKK1199</placa><tara>16300</tara><condutor><xNome>CONDUTOR FICTICIO</xNome><CPF>99999999999</CPF></condutor><tpRod>03</tpRod><tpCar>00</tpCar><UF>SP</UF></veicTracao><veicReboque><placa>KKK2233</placa><tara>16300</tara><capKG>41300</capKG><tpCar>02</tpCar><UF>SP</UF></veicReboque></rodo></infModal><infDoc><infMunDescarga><cMunDescarga>5107602</cMunDescarga><xMunDescarga>Rondonópolis</xMunDescarga><infCTe><chCTe>35171299999999999999570010000143961000143961</chCTe></infCTe></infMunDescarga></infDoc><seg><infResp><respSeg>1</respSeg><CNPJ>00000000000000</CNPJ></infResp><infSeg><xSeg>SEGURADOR FICTICIO</xSeg><CNPJ>99999999999999</CNPJ></infSeg><nApol>999999999/999999999</nApol><nAver>0000</nAver></seg><tot><qCTe>1</qCTe><vCarga>34445468.00</vCarga><cUnid>01</cUnid><qCarga>18768</qCarga></tot><infAdic/></infMDFe></MDFe><protMDFe versao="3.00"><infProt xmlns="http://www.portalfiscal.inf.br/mdfe" Id="MDFe999999999999999"><tpAmb>2</tpAmb><verAplic>RS20171211123740</verAplic><chMDFe>35171299999999999999580010000001721000001724</chMDFe><dhRecbto>2017-12-20T17:05:51-02:00</dhRecbto><nProt>999999999999999</nProt><digVal>ffffffKKKKKKKrrrrrrr2222222-</digVal><cStat>100</cStat><xMotivo>Autorizado o uso do MDF-e</xMotivo></infProt></protMDFe></mdfeProc>