<?xml version="1.0" encoding="UTF-8"?>
<procEventoCTe versao="3.00">
    <eventoCTe xmlns="http://www.portalfiscal.inf.br/cte" versao="3.00">
  <infEvento Id="ID1101103517011014278500019057001000000001154452952001">
    <cOrgao>35</cOrgao>
    <tpAmb>2</tpAmb>
    <CNPJ>10142785000190</CNPJ>
    <chCTe>35170110142785000190570010000000011544529520</chCTe>
    <dhEvento>2017-01-26T13:30:09-02:00</dhEvento>
    <tpEvento>110110</tpEvento>
    <nSeqEvento>1</nSeqEvento>
    <detEvento versaoEvento="3.00">
      <evCCeCTe>
        <descEvento>Carta de Correcao</descEvento>
        <infCorrecao>
          <grupoAlterado>rem</grupoAlterado>
          <campoAlterado>nro</campoAlterado>
          <valorAlterado>170</valorAlterado>
        </infCorrecao>
        <infCorrecao>
          <grupoAlterado>enderRem</grupoAlterado>
          <campoAlterado>fone</campoAlterado>
          <valorAlterado>14991001000</valorAlterado>
        </infCorrecao>
        <xCondUso>A Carta de Correcao e disciplinada pelo Art. 58-B do CONVENIO/SINIEF 06/89: Fica permitida a utilizacao de carta de correcao, para regularizacao de erro ocorrido na emissao de documentos fiscais relativos a prestacao de servico de transporte, desde que o erro nao esteja relacionado com: I - as variaveis que determinam o valor do imposto tais como: base de calculo, aliquota, diferenca de preco, quantidade, valor da prestacao;II - a correcao de dados cadastrais que implique mudanca do emitente, tomador, remetente ou do destinatario;III - a data de emissao ou de saida.</xCondUso>
      </evCCeCTe>
    </detEvento>
  </infEvento>
  <Signature xmlns="http://www.w3.org/2000/09/xmldsig#">
    <SignedInfo>
      <CanonicalizationMethod Algorithm="http://www.w3.org/TR/2001/REC-xml-c14n-20010315" />
      <SignatureMethod Algorithm="http://www.w3.org/2000/09/xmldsig#rsa-sha1" />
      <Reference URI="#ID1101103517011014278500019057001000000001154452952001">
        <Transforms>
          <Transform Algorithm="http://www.w3.org/2000/09/xmldsig#enveloped-signature" />
          <Transform Algorithm="http://www.w3.org/TR/2001/REC-xml-c14n-20010315" />
        </Transforms>
        <DigestMethod Algorithm="http://www.w3.org/2000/09/xmldsig#sha1" />
        <DigestValue>P29ScWqZSt+BqKTL3LATbF6kO2c=</DigestValue>
      </Reference>
    </SignedInfo>
    <SignatureValue>rqxcQlPsr2BvTtEIjuoBMM6m(...)2TWBjF7jlf4egOWA==</SignatureValue>
    <KeyInfo>
      <X509Data>
        <X509Certificate>MIIIUDCCBjigAwIBAgIQGclPSrR9b8(...)tUzHbK+qNkBdOAr7Ns4azU=</X509Certificate>
      </X509Data>
    </KeyInfo>
  </Signature>
</eventoCTe>
<retEventoCTe versao="3.00" xmlns="http://www.portalfiscal.inf.br/cte">
  <infEvento>
    <tpAmb>2</tpAmb>
    <verAplic>SP-CTe-22-12-2016</verAplic>
    <cOrgao>35</cOrgao>
    <cStat>135</cStat>
    <xMotivo>Evento registrado e vinculado a CT-e</xMotivo>
    <chCTe>35170110142785000190570010000000011544529520</chCTe>
    <tpEvento>110110</tpEvento>
    <xEvento>Carta de Correção</xEvento> <!--  CONTEÚDO PRESUMIDO -->
    <nSeqEvento>01</nSeqEvento>
    <dhRegEvento>2017-01-15T10:57:21-02:00</dhRegEvento>
    <nProt>135170004447087</nProt>
  </infEvento>
</retEventoCTe>
</procEventoCTe>